Aladdin	complete		3-4	gpt4o	10	10	Frizzil	There are two versions, one based on the <a href="http://www.lltvg.com/wiki/Aladdin_(SNES)/Transcript">SNES transcript</a> and another based on the <a href="http://www.lltvg.com/wiki/Aladdin_(Genesis)/Transcript">SEGA Genesis transcript</a>. Both transcripts are sourced from LLTVG. Kanji-fied version produced with Chat-GPT 4o.
Cave Story	complete	https://store.steampowered.com/app/200900/Cave_Story/|https://www.gog.com/en/game/cave_story	3-4	gpt4o	8	10	Frizzil	Cards sorted by game stage. Future scenes in earlier stages may appear prematurely.
CrossCode	complete	https://store.steampowered.com/app/368340/CrossCode/|https://www.gog.com/en/game/crosscode	3-4	gpt4o	8	10	Frizzil	Some miscellany at the beginning of the deck, but close to ideal afterward.
Deltarune Chapter 1	complete	https://store.steampowered.com/app/1671210/DELTARUNE/|https://deltarune.com/	4-5	gpt4o	8	8	Frizzil	
Dragon Quest 1	complete	https://store.steampowered.com/app/2893570/DRAGON_QUEST_I__II_HD2D_Remake/	2-3	gpt4o	10	10	Frizzil	Based on a <a href='https://gamefaqs.gamespot.com/nes/563408-dragon-warrior/faqs/42955'>translation</a> written by Jason Kunts (x_loto) and hosted on GameFAQs. Item and tool names were spliced in just after the town they're first obtainable in, for a <i>perfect</i> sorting ignoring magic and monster names. Kanji-injected version kudos of Chat-GPT 4o.
Factorio	complete	https://store.steampowered.com/app/427520/Factorio/|https://www.gog.com/en/game/factorio	5	gpt4o		10	Frizzil	Game isn't linear, however, it could be sorted in terms of tutorials, tech or recipes, which ours isn't.
Final Fantasy 1	complete	https://store.steampowered.com/app/1173770/FINAL_FANTASY/	4-5	gpt4o	10	9	Frizzil	Based on this <a href="https://nayukaaaaa.nomaki.jp/wp/ff/ff1.html">transcript</a> provided by Nomaki Nayuka(?), hand-written when he originally played the game. Input contains kanji not present in the original, and contains extraneous section markers with the effect of slightly inflating name and location frequencies.
Final Fantasy 8	complete	https://store.steampowered.com/app/1026680/FINAL_FANTASY_VIII__REMASTERED/	4-5	gpt4o	8	8	XwipeoutX	Based on this <a href="http://aizenn.web.fc2.com/talk/ff-serifu.html">transcript</a>, assuming a party of Squall, Zell, Irvine. There may be section and name markers that inflate the frequencies of those.  Text is sorted by progression order for mandatory dialogue, with a section at the end for random extra conversation.
Hades	Subtitles Only	https://store.steampowered.com/app/1145360/Hades/			2	10	Frizzil	Subtitles sorted by speaker.
The Legend of Zelda: A Link to the Past	complete		3-4	gpt4o	9	9	Frizzil	Based on a <a href='http://www.lltvg.com/wiki/The_Legend_of_Zelda:_A_Link_to_the_Past/Script_dump'>transcript</a> hosted by LLTVG, originally made by <a href='http://www.lltvg.com/wiki/User:Furrykef'>Kef Schecter</a>.
The Legend of Zelda: Majora's Mask	complete				1?	6	Frizzil	Sourced from <a href="https://www.zeldalegends.net/files/emulation/dumps/zelda6/japan/z6dump(jp).html">zeldalegends.net</a>. (Website is inconsistently down as of August 2024.)
The Legend of Zelda: Ocarina of Time	complete		5-6	gpt4o	5	9	Frizzil	Sourced from <a href="https://www.zeldalegends.net/files/emulation/dumps/zelda6/japan/z6dump(jp).html">this dump</a> by David Butler for zeldalegends.net. (Website is inconsistently down as of August 2024.) Sortedness ranked by gpt4o (or at least it tried).
The Legend of Zelda: Wind Waker	complete				1?	6	Frizzil	Sourced from <a href="https://www.zeldalegends.net/view/emulation/dumps/tww/tww_JAP.html">this dump</a> by Iron Knuckle for zeldalegends.net. (Website is inconsistently down as of August 2024.)
LunarLux	complete	https://store.steampowered.com/app/1932680/LunarLux/|https://www.gog.com/en/game/lunarlux	4	gpt4o		9	Frizzil	
Mega Man 7	complete	https://store.steampowered.com/app/495050/Mega_Man_Legacy_Collection_2/	3-4	gpt4o	10	10	Frizzil	Based on an amazing annotated <a href='http://www.lltvg.com/wiki/Mega_Man_7/Transcript'>transcript</a> by <i>Mew seeker</i>!
OneShot	complete	https://store.steampowered.com/app/420530/OneShot/	5-6	gpt4o		9	Frizzil	
QuackShot	complete		2-3	gpt4o	10	10	Frizzil	Based on an amazing <a href="http://www.lltvg.com/wiki/Quackshot_Starring_Donald_Duck/Transcript">transcript</a> from LLTVG! Thanks to the English annotations, I was able to accurately splice everything together for a <i>perfect</i> sort. We also have a kanji-injected version (kudos to gpt4o), since the original seemingly had none.
Rabi-Ribi	complete	https://store.steampowered.com/app/400910/RabiRibi/	3	gpt4o	8	9	Frizzil	Story deck is sorted and solid, but tutorials and other text are in a separate deck sorted first by category, then by rough time encountered. Metroidvanias don't typically lend themselves to chronological sorting, but still.
The Secret of Monkey Island	complete	https://store.steampowered.com/app/32360/The_Secret_of_Monkey_Island_Special_Edition/|https://www.gog.com/en/game/the_secret_of_monkey_island_special_edition	3-4	gpt4o	10	10	Frizzil	Based on a <a href='http://www.lltvg.com/wiki/Mega_Man_7/Transcript'>transcript</a> hosted by LLTVG.
Sid Meier's Civilization VI	complete	https://store.steampowered.com/app/289070/Sid_Meiers_Civilization_VI/	6-7	gpt4o		10	Frizzil	Includes all base game and DLC content. Be sure to merge all DLCs into one deck if desired.
SimCity (SNES)	complete		3-4	gpt4o	6	10	Frizzil	Based on a <a href='http://www.lltvg.com/wiki/SimCity_(SNES)/Transcript'>transcript</a> hosted by LLTVG.
Starfox 64	complete		3	gpt4o	8	10	Frizzil	Based on a <a href='http://www.lltvg.com/wiki/Star_Fox_64'>transcript</a> hosted by LLTVG.
Super Mario Bros. 3	complete		2-3	gpt4o	10	10	Frizzil	Based on a <a href='http://www.lltvg.com/wiki/Super_Mario_Bros._3/Transcript'>transcript</a> created by <a href='http://www.lltvg.com/wiki/User:Furrykef'>Kef Schecter</a>. Kanji-fied version created with Chat-GPT 4o.
Super Mario RPG	complete		3-4	gpt4o	10	10	Frizzil	Based on an amazing annotated\n<a href='http://www.lltvg.com/wiki/Super_Mario_RPG/Transcript'>transcript</a>\nby <i>Mew seeker</i>!\n\nRecommended to study only the 'In-Game Combined Kanji' deck and reference the transcript for everything else.\n(Kanji deck generated from non-kanji text via Chat-GPT 4o. Original non-kanji deck also available.)
Super Mario World	complete		2	gpt4o	10	10	Frizzil	Based on an annotated\n<a href='http://www.lltvg.com/wiki/Super_Mario_World/Transcript'>transcript</a>\nhosted by LLTVG and this \n<a href="https://www.youtube.com/watch?v=xWCbJSWBy18">100% playthrough</a>\non YouTube.\n\nOur deck is sorted meticulously, with input text duplicated to accurately reflect the word count.\nOur route takes secret paths when they first become available,\nexcept for Vanilla Dome's second route which we complete just after Lemmy,\nand Star Road which we complete just before Bowser's Keep.\n\nKanji-fied version created with help of Chat-GPT 4o.
TMNT: Turtles in Time	complete	https://store.steampowered.com/app/1659600/Teenage_Mutant_Ninja_Turtles_The_Cowabunga_Collection/	2-3	gpt4o	10	10	Frizzil	Based on a brief <a href='http://www.lltvg.com/wiki/Teenage_Mutant_Ninja_Turtles_IV:_Turtles_in_Time/Transcript'>transcript</a> hosted by LLTVG (maybe 150 words long).
Undertale	complete	https://store.steampowered.com/app/391540/Undertale/|https://www.gog.com/en/game/undertale	3-4	gpt4o	2	8	Frizzil	
Volcano Princess	complete	https://store.steampowered.com/app/1669980/Volcano_Princess/	4-5	gpt4o		8	Frizzil	